,date,city,special_tax,month,year,total_revenue
0,1-01-2014,Breckenridge,11410,1,2014,760666.666667
1,1-01-2014,Denver,128586,1,2014,8572400.0
2,1-01-2014,Telluride,6218,1,2014,414533.333333
3,1-01-2014,Other Cities,64055,1,2014,4270333.33333
4,1-01-2015,Aspen,11941,1,2015,796066.666667
5,1-01-2015,Aurora,22966,1,2015,1531066.66667
6,1-01-2015,Boulder,38329,1,2015,2555266.66667
7,1-01-2015,Breckenridge,13984,1,2015,932266.666667
8,1-01-2015,Crested Butte,4096,1,2015,273066.666667
9,1-01-2015,Denver,219110,1,2015,14607333.3333
10,1-01-2015,Durango,11690,1,2015,779333.333333
11,1-01-2015,Edgewater,12298,1,2015,819866.666667
12,1-01-2015,Fort Collins,1942,1,2015,129466.666667
13,1-01-2015,Garden City,17991,1,2015,1199400.0
14,1-01-2015,Glenwood Springs,5157,1,2015,343800.0
15,1-01-2015,Idaho Springs,3911,1,2015,260733.333333
16,1-01-2015,Pueblo County,15892,1,2015,1059466.66667
17,1-01-2015,Telluride,5649,1,2015,376600.0
18,1-01-2015,Trinidad,3362,1,2015,224133.333333
19,1-01-2015,Wheat Ridge,10357,1,2015,690466.666667
20,1-01-2015,Other Cities,125795,1,2015,8386333.33333
21,1-01-2016,Aspen,10791,1,2016,719400.0
22,1-01-2016,Aurora,68542,1,2016,4569466.66667
23,1-01-2016,Boulder,42169,1,2016,2811266.66667
24,1-01-2016,Boulder County,14276,1,2016,951733.333333
25,1-01-2016,Breckenridge,10492,1,2016,699466.666667
26,1-01-2016,Carbondale,1570,1,2016,104666.666667
27,1-01-2016,Central City,1056,1,2016,70400.0
28,1-01-2016,Cortez,6993,1,2016,466200.0
29,1-01-2016,Crested Butte,4038,1,2016,269200.0
30,1-01-2016,Denver,273924,1,2016,18261600.0
31,1-01-2016,Durango,16859,1,2016,1123933.33333
32,1-01-2016,Eagle County,16475,1,2016,1098333.33333
33,1-01-2016,Edgewater,18908,1,2016,1260533.33333
34,1-01-2016,Fort Collins,29497,1,2016,1966466.66667
35,1-01-2016,Garden City,26903,1,2016,1793533.33333
36,1-01-2016,Glendale,15414,1,2016,1027600.0
37,1-01-2016,Glenwood Springs,4233,1,2016,282200.0
38,1-01-2016,Gunnison,2515,1,2016,167666.666667
39,1-01-2016,Idaho Springs,5108,1,2016,340533.333333
40,1-01-2016,Northglenn,6646,1,2016,443066.666667
41,1-01-2016,Salida,5113,1,2016,340866.666667
42,1-01-2016,Pueblo County,24521,1,2016,1634733.33333
43,1-01-2016,Steamboat Springs,11446,1,2016,763066.666667
44,1-01-2016,Telluride,4148,1,2016,276533.333333
45,1-01-2016,Trinidad,13289,1,2016,885933.333333
46,1-01-2016,Wheat Ridge,9396,1,2016,626400.0
47,1-01-2016,Other Cities,134494,1,2016,8966266.66667
48,2-01-2014,Breckenridge,9547,2,2014,636466.666667
49,2-01-2014,Denver,125458,2,2014,8363866.66667
50,2-01-2014,Idaho Springs,4223,2,2014,281533.333333
51,2-01-2014,Pueblo County,12347,2,2014,823133.333333
52,2-01-2014,Telluride,2323,2,2014,154866.666667
53,2-01-2014,Other Cities,58776,2,2014,3918400.0
54,2-01-2015,Aspen,8858,2,2015,590533.333333
55,2-01-2015,Aurora,32843,2,2015,2189533.33333
56,2-01-2015,Boulder,33778,2,2015,2251866.66667
57,2-01-2015,Breckenridge,10597,2,2015,706466.666667
58,2-01-2015,Crested Butte,3366,2,2015,224400.0
59,2-01-2015,Denver,238902,2,2015,15926800.0
60,2-01-2015,Durango,12126,2,2015,808400.0
61,2-01-2015,Edgewater,21297,2,2015,1419800.0
62,2-01-2015,Fort Collins,11436,2,2015,762400.0
63,2-01-2015,Garden City,19060,2,2015,1270666.66667
64,2-01-2015,Glenwood Springs,4224,2,2015,281600.0
65,2-01-2015,Idaho Springs,3691,2,2015,246066.666667
66,2-01-2015,Pueblo County,12189,2,2015,812600.0
67,2-01-2015,Telluride,2887,2,2015,192466.666667
68,2-01-2015,Trinidad,4307,2,2015,287133.333333
69,2-01-2015,Wheat Ridge,9596,2,2015,639733.333333
70,2-01-2015,Other Cities,143933,2,2015,9595533.33333
71,2-01-2016,Antonito,2462,2,2016,164133.333333
72,2-01-2016,Aspen,13101,2,2016,873400.0
73,2-01-2016,Aurora,94363,2,2016,6290866.66667
74,2-01-2016,Boulder,39599,2,2016,2639933.33333
75,2-01-2016,Boulder County,12255,2,2016,817000.0
76,2-01-2016,Breckenridge,20578,2,2016,1371866.66667
77,2-01-2016,Carbondale,1281,2,2016,85400.0
78,2-01-2016,Central City,2325,2,2016,155000.0
79,2-01-2016,Cortez,7719,2,2016,514600.0
80,2-01-2016,Crested Butte,1635,2,2016,109000.0
81,2-01-2016,Denver,306532,2,2016,20435466.6667
82,2-01-2016,Durango,28465,2,2016,1897666.66667
83,2-01-2016,Eagle County,15851,2,2016,1056733.33333
84,2-01-2016,Edgewater,34317,2,2016,2287800.0
85,2-01-2016,Fort Collins,25034,2,2016,1668933.33333
86,2-01-2016,Garden City,28002,2,2016,1866800.0
87,2-01-2016,Glendale,18460,2,2016,1230666.66667
88,2-01-2016,Glenwood Springs,3961,2,2016,264066.666667
89,2-01-2016,Gunnison,1923,2,2016,128200.0
90,2-01-2016,Idaho Springs,4995,2,2016,333000.0
91,2-01-2016,Nederland,1333,2,2016,88866.6666667
92,2-01-2016,Northglenn,47137,2,2016,3142466.66667
93,2-01-2016,Salida,4228,2,2016,281866.666667
94,2-01-2016,Pueblo County,25143,2,2016,1676200.0
95,2-01-2016,Steamboat Springs,11146,2,2016,743066.666667
96,2-01-2016,Telluride,6734,2,2016,448933.333333
97,2-01-2016,Trinidad,16240,2,2016,1082666.66667
98,2-01-2016,Wheat Ridge,12640,2,2016,842666.666667
99,2-01-2016,Other Cities,145265,2,2016,9684333.33333
100,3-01-2014,Boulder,17039,3,2014,1135933.33333
101,3-01-2014,Breckenridge,6705,3,2014,447000.0
102,3-01-2014,Denver,152090,3,2014,10139333.3333
103,3-01-2014,Edgewater,9051,3,2014,603400.0
104,3-01-2014,Idaho Springs,4464,3,2014,297600.0
105,3-01-2014,Pueblo County,17940,3,2014,1196000.0
106,3-01-2014,Telluride,4794,3,2014,319600.0
107,3-01-2014,Other Cities,73130,3,2014,4875333.33333
108,3-01-2015,Aspen,1061,3,2015,70733.3333333
109,3-01-2015,Aurora,34615,3,2015,2307666.66667
110,3-01-2015,Boulder,38892,3,2015,2592800.0
111,3-01-2015,Breckenridge,13117,3,2015,874466.666667
112,3-01-2015,Cortez,3080,3,2015,205333.333333
113,3-01-2015,Crested Butte,3948,3,2015,263200.0
114,3-01-2015,Denver,249081,3,2015,16605400.0
115,3-01-2015,Durango,15308,3,2015,1020533.33333
116,3-01-2015,Eagle County,13961,3,2015,930733.333333
117,3-01-2015,Edgewater,18183,3,2015,1212200.0
118,3-01-2015,Fort Collins,17707,3,2015,1180466.66667
119,3-01-2015,Garden City,21652,3,2015,1443466.66667
120,3-01-2015,Glenwood Springs,5117,3,2015,341133.333333
121,3-01-2015,Idaho Springs,4285,3,2015,285666.666667
122,3-01-2015,Northglenn,19889,3,2015,1325933.33333
123,3-01-2015,Pueblo County,23862,3,2015,1590800.0
124,3-01-2015,Telluride,6932,3,2015,462133.333333
125,3-01-2015,Trinidad,6225,3,2015,415000.0
126,3-01-2015,Wheat Ridge,10010,3,2015,667333.333333
127,3-01-2015,Other Cities,123967,3,2015,8264466.66667
128,6-01-2016,Adams County,22335,6,2016,1489000.0
129,6-01-2016,Antonito,4986,6,2016,332400.0
130,6-01-2016,Aspen,23496,6,2016,1566400.0
131,6-01-2016,Aurora,115039,6,2016,7669266.66667
132,6-01-2016,Boulder,44960,6,2016,2997333.33333
133,6-01-2016,Boulder County,11613,6,2016,774200.0
134,6-01-2016,Breckenridge,7731,6,2016,515400.0
135,6-01-2016,Carbondale,3002,6,2016,200133.333333
136,6-01-2016,Central City,2712,6,2016,180800.0
137,6-01-2016,Cortez,11328,6,2016,755200.0
138,6-01-2016,Crested Butte,3907,6,2016,260466.666667
139,6-01-2016,Denver,352520,6,2016,23501333.3333
140,6-01-2016,Dillon,3839,6,2016,255933.333333
141,6-01-2016,Durango,29814,6,2016,1987600.0
142,6-01-2016,Eagle County,10696,6,2016,713066.666667
143,6-01-2016,Edgewater,43523,6,2016,2901533.33333
144,6-01-2016,Fort Collins,41396,6,2016,2759733.33333
145,6-01-2016,Garden City,30372,6,2016,2024800.0
146,6-01-2016,Glendale,24680,6,2016,1645333.33333
147,6-01-2016,Glenwood Springs,14237,6,2016,949133.333333
148,6-01-2016,Gunnison,5476,6,2016,365066.666667
149,6-01-2016,Idaho Springs,5852,6,2016,390133.333333
150,6-01-2016,Leadville,3099,6,2016,206600.0
151,6-01-2016,Log Lane Village,8239,6,2016,549266.666667
152,6-01-2016,Nederland,2215,6,2016,147666.666667
153,6-01-2016,Northglenn,44779,6,2016,2985266.66667
154,6-01-2016,Parachute,9254,6,2016,616933.333333
155,6-01-2016,Park County,3579,6,2016,238600.0
156,6-01-2016,Pueblo County,37677,6,2016,2511800.0
157,6-01-2016,Salida,6903,6,2016,460200.0
158,6-01-2016,Telluride,3721,6,2016,248066.666667
159,6-01-2016,Trinidad,24342,6,2016,1622800.0
160,6-01-2016,Wheat Ridge,11339,6,2016,755933.333333
161,6-01-2016,Other Cities,144983,6,2016,9665533.33333
162,7-01-2014,Boulder,37289,7,2014,2485933.33333
163,7-01-2014,Breckenridge,8143,7,2014,542866.666667
164,7-01-2014,Denver,210073,7,2014,14004866.6667
165,7-01-2014,Edgewater,13867,7,2014,924466.666667
166,7-01-2014,Garden City,17524,7,2014,1168266.66667
167,7-01-2014,Idaho Springs,4535,7,2014,302333.333333
168,7-01-2014,Pueblo County,30183,7,2014,2012200.0
169,7-01-2014,Telluride,8223,7,2014,548200.0
170,7-01-2014,Wheat Ridge,8403,7,2014,560200.0
171,7-01-2014,Other Cities,105258,7,2014,7017200.0
172,7-01-2015,Aspen,10060,7,2015,670666.666667
173,7-01-2015,Aurora,61838,7,2015,4122533.33333
174,7-01-2015,Boulder,46330,7,2015,3088666.66667
175,7-01-2015,Boulder County,10818,7,2015,721200.0
176,7-01-2015,Breckenridge,8675,7,2015,578333.333333
177,7-01-2015,Carbondale,1700,7,2015,113333.333333
178,7-01-2015,Central City,2245,7,2015,149666.666667
179,7-01-2015,Cortez,7162,7,2015,477466.666667
180,7-01-2015,Crested Butte,6905,7,2015,460333.333333
181,7-01-2015,Denver,292653,7,2015,19510200.0
182,7-01-2015,Durango,18416,7,2015,1227733.33333
183,7-01-2015,Eagle County,9646,7,2015,643066.666667
184,7-01-2015,Edgewater,22326,7,2015,1488400.0
185,7-01-2015,Fort Collins,27780,7,2015,1852000.0
186,7-01-2015,Garden City,28179,7,2015,1878600.0
187,7-01-2015,Glenwood Springs,7299,7,2015,486600.0
188,7-01-2015,Idaho Springs,5344,7,2015,356266.666667
189,7-01-2015,Northglenn,30456,7,2015,2030400.0
190,7-01-2015,Pueblo County,30913,7,2015,2060866.66667
191,7-01-2015,Steamboat Springs,9478,7,2015,631866.666667
192,7-01-2015,Telluride,5813,7,2015,387533.333333
193,7-01-2015,Trinidad,16971,7,2015,1131400.0
194,7-01-2015,Wheat Ridge,13095,7,2015,873000.0
195,7-01-2015,Other Cities,152044,7,2015,10136266.6667
196,7-01-2016,Adams County,19660,7,2016,1310666.66667
197,7-01-2016,Antonito,6543,7,2016,436200.0
198,7-01-2016,Aspen,15084,7,2016,1005600.0
199,7-01-2016,Aurora,112911,7,2016,7527400.0
200,7-01-2016,Boulder,53978,7,2016,3598533.33333
201,7-01-2016,Boulder County,22542,7,2016,1502800.0
202,7-01-2016,Breckenridge,10771,7,2016,718066.666667
203,7-01-2016,Carbondale,2995,7,2016,199666.666667
204,7-01-2016,Central City,3038,7,2016,202533.333333
205,7-01-2016,Cortez,14429,7,2016,961933.333333
206,7-01-2016,Crested Butte,4050,7,2016,270000.0
207,7-01-2016,Denver,396394,7,2016,26426266.6667
208,7-01-2016,Dillon,5217,7,2016,347800.0
209,7-01-2016,Durango,38258,7,2016,2550533.33333
210,7-01-2016,Eagle County,14469,7,2016,964600.0
211,7-01-2016,Edgewater,37736,7,2016,2515733.33333
212,7-01-2016,Fort Collins,48107,7,2016,3207133.33333
213,7-01-2016,Garden City,35718,7,2016,2381200.0
214,7-01-2016,Glendale,27027,7,2016,1801800.0
215,7-01-2016,Glenwood Springs,7650,7,2016,510000.0
216,7-01-2016,Gunnison,5660,7,2016,377333.333333
217,7-01-2016,Idaho Springs,6486,7,2016,432400.0
218,7-01-2016,Leadville,4120,7,2016,274666.666667
219,7-01-2016,Log Lane Village,11956,7,2016,797066.666667
220,7-01-2016,Nederland,2922,7,2016,194800.0
221,7-01-2016,Northglenn,35113,7,2016,2340866.66667
222,7-01-2016,Parachute,11604,7,2016,773600.0
223,7-01-2016,Park County,4312,7,2016,287466.666667
224,7-01-2016,Pueblo County,45908,7,2016,3060533.33333
225,7-01-2016,Ridgway,11396,7,2016,759733.333333
226,7-01-2016,Steamboat Springs,13309,7,2016,887266.666667
227,7-01-2016,Telluride,7915,7,2016,527666.666667
228,7-01-2016,Trinidad,26701,7,2016,1780066.66667
229,7-01-2016,Wheat Ridge,12355,7,2016,823666.666667
230,7-01-2016,Other Cities,161209,7,2016,10747266.6667
231,8-01-2014,Boulder,41268,8,2014,2751200.0
232,8-01-2014,Breckenridge,7873,8,2014,524866.666667
233,8-01-2014,Crested Butte,3878,8,2014,258533.333333
234,8-01-2014,Denver,242317,8,2014,16154466.6667
235,8-01-2014,Edgewater,14797,8,2014,986466.666667
236,8-01-2014,Garden City,19366,8,2014,1291066.66667
237,8-01-2014,Glenwood Springs,7696,8,2014,513066.666667
238,8-01-2014,Idaho Springs,4729,8,2014,315266.666667
239,8-01-2014,Pueblo County,18793,8,2014,1252866.66667
240,8-01-2014,Telluride,8879,8,2014,591933.333333
241,8-01-2014,Wheat Ridge,9516,8,2014,634400.0
242,8-01-2014,Other Cities,117099,8,2014,7806600.0
243,8-01-2015,Aspen,9417,8,2015,627800.0
244,8-01-2015,Aurora,68196,8,2015,4546400.0
245,8-01-2015,Boulder,46578,8,2015,3105200.0
246,8-01-2015,Boulder County,10883,8,2015,725533.333333
247,8-01-2015,Breckenridge,8651,8,2015,576733.333333
248,8-01-2015,Carbondale,2331,8,2015,155400.0
249,8-01-2015,Central City,1934,8,2015,128933.333333
250,8-01-2015,Cortez,7592,8,2015,506133.333333
251,8-01-2015,Crested Butte,6553,8,2015,436866.666667
252,8-01-2015,Denver,312404,8,2015,20826933.3333
253,8-01-2015,Durango,27289,8,2015,1819266.66667
254,8-01-2015,Eagle County,9449,8,2015,629933.333333
255,8-01-2015,Edgewater,31790,8,2015,2119333.33333
256,8-01-2015,Fort Collins,30251,8,2015,2016733.33333
257,8-01-2015,Garden City,29463,8,2015,1964200.0
258,8-01-2015,Glendale,8904,8,2015,593600.0
259,8-01-2015,Glenwood Springs,6926,8,2015,461733.333333
260,8-01-2015,Idaho Springs,4948,8,2015,329866.666667
261,8-01-2015,Northglenn,30677,8,2015,2045133.33333
262,8-01-2015,Pueblo County,25425,8,2015,1695000.0
263,8-01-2015,Salida,12393,8,2015,826200.0
264,8-01-2015,Steamboat Springs,9660,8,2015,644000.0
265,8-01-2015,Telluride,5511,8,2015,367400.0
266,8-01-2015,Trinidad,11645,8,2015,776333.333333
267,8-01-2015,Wheat Ridge,10574,8,2015,704933.333333
268,8-01-2015,Other Cities,142158,8,2015,9477200.0
269,8-01-2016,Adams County,21895,8,2016,1459666.66667
270,8-01-2016,Antonito,6362,8,2016,424133.333333
271,8-01-2016,Aspen,14330,8,2016,955333.333333
272,8-01-2016,Aurora,113663,8,2016,7577533.33333
273,8-01-2016,Boulder,53808,8,2016,3587200.0
274,8-01-2016,Boulder County,18096,8,2016,1206400.0
275,8-01-2016,Breckenridge,10246,8,2016,683066.666667
276,8-01-2016,Carbondale,2721,8,2016,181400.0
277,8-01-2016,Central City,3343,8,2016,222866.666667
278,8-01-2016,Cortez,13894,8,2016,926266.666667
279,8-01-2016,Crested Butte,2441,8,2016,162733.333333
280,8-01-2016,Denver,424299,8,2016,28286600.0
281,8-01-2016,Dillon,5229,8,2016,348600.0
282,8-01-2016,Durango,34394,8,2016,2292933.33333
283,8-01-2016,Eagle County,14708,8,2016,980533.333333
284,8-01-2016,Edgewater,38653,8,2016,2576866.66667
285,8-01-2016,Fort Collins,52174,8,2016,3478266.66667
286,8-01-2016,Garden City,36670,8,2016,2444666.66667
287,8-01-2016,Glendale,19182,8,2016,1278800.0
288,8-01-2016,Glenwood Springs,7934,8,2016,528933.333333
289,8-01-2016,Gunnison,4724,8,2016,314933.333333
290,8-01-2016,Idaho Springs,6769,8,2016,451266.666667
291,8-01-2016,Leadville,4468,8,2016,297866.666667
292,8-01-2016,Nederland,2910,8,2016,194000.0
293,8-01-2016,Northglenn,32268,8,2016,2151200.0
294,8-01-2016,Parachute,10350,8,2016,690000.0
295,8-01-2016,Park County,4406,8,2016,293733.333333
296,8-01-2016,Pueblo County,44939,8,2016,2995933.33333
297,8-01-2016,Ridgway,7433,8,2016,495533.333333
298,8-01-2016,Steamboat Springs,12625,8,2016,841666.666667
299,8-01-2016,Telluride,6177,8,2016,411800.0
300,8-01-2016,Trinidad,39741,8,2016,2649400.0
301,8-01-2016,Wheat Ridge,12939,8,2016,862600.0
302,8-01-2016,Other Cities,193400,8,2016,12893333.3333
303,9-01-2014,Aspen,3422,9,2014,228133.333333
304,9-01-2014,Boulder,37933,9,2014,2528866.66667
305,9-01-2014,Breckenridge,5967,9,2014,397800.0
306,9-01-2014,Crested Butte,4422,9,2014,294800.0
307,9-01-2014,Denver,211222,9,2014,14081466.6667
308,9-01-2014,Edgewater,13036,9,2014,869066.666667
309,9-01-2014,Garden City,18018,9,2014,1201200.0
310,9-01-2014,Glenwood Springs,6783,9,2014,452200.0
311,9-01-2014,Idaho Springs,3631,9,2014,242066.666667
312,9-01-2014,Pueblo County,25189,9,2014,1679266.66667
313,9-01-2014,Telluride,5866,9,2014,391066.666667
314,9-01-2014,Wheat Ridge,9286,9,2014,619066.666667
315,9-01-2014,Other Cities,99162,9,2014,6610800.0
316,9-01-2015,Aspen,10817,9,2015,721133.333333
317,9-01-2015,Aurora,71696,9,2015,4779733.33333
318,9-01-2015,Boulder,42947,9,2015,2863133.33333
319,9-01-2015,Boulder County,10270,9,2015,684666.666667
320,9-01-2015,Breckenridge,6356,9,2015,423733.333333
321,9-01-2015,Carbondale,1877,9,2015,125133.333333
322,9-01-2015,Cortez,7590,9,2015,506000.0
323,9-01-2015,Crested Butte,4934,9,2015,328933.333333
324,9-01-2015,Denver,276219,9,2015,18414600.0
325,9-01-2015,Durango,21551,9,2015,1436733.33333
326,9-01-2015,Eagle County,4333,9,2015,288866.666667
327,9-01-2015,Edgewater,25522,9,2015,1701466.66667
328,9-01-2015,Fort Collins,28752,9,2015,1916800.0
329,9-01-2015,Garden City,27067,9,2015,1804466.66667
330,9-01-2015,Glendale,9496,9,2015,633066.666667
331,9-01-2015,Glenwood Springs,6107,9,2015,407133.333333
332,9-01-2015,Idaho Springs,3453,9,2015,230200.0
333,9-01-2015,Northglenn,21199,9,2015,1413266.66667
334,9-01-2015,Pueblo County,19458,9,2015,1297200.0
335,9-01-2015,Salida,5873,9,2015,391533.333333
336,9-01-2015,Steamboat Springs,8095,9,2015,539666.666667
337,9-01-2015,Telluride,4956,9,2015,330400.0
338,9-01-2015,Trinidad,15281,9,2015,1018733.33333
339,9-01-2015,Wheat Ridge,11796,9,2015,786400.0
340,9-01-2015,Other Cities,133227,9,2015,8881800.0
341,3-01-2016,Antonito,3179,3,2016,211933.333333
342,3-01-2016,Aspen,12192,3,2016,812800.0
343,3-01-2016,Aurora,92455,3,2016,6163666.66667
344,3-01-2016,Boulder,39081,3,2016,2605400.0
345,3-01-2016,Boulder County,12364,3,2016,824266.666667
346,3-01-2016,Central City,1983,3,2016,132200.0
347,3-01-2016,Cortez,9261,3,2016,617400.0
348,3-01-2016,Crested Butte,4462,3,2016,297466.666667
349,3-01-2016,Denver,275345,3,2016,18356333.3333
350,3-01-2016,Dillon,6430,3,2016,428666.666667
351,3-01-2016,Durango,25369,3,2016,1691266.66667
352,3-01-2016,Eagle County,15924,3,2016,1061600.0
353,3-01-2016,Edgewater,24482,3,2016,1632133.33333
354,3-01-2016,Fort Collins,37775,3,2016,2518333.33333
355,3-01-2016,Garden City,13672,3,2016,911466.666667
356,3-01-2016,Glendale,14982,3,2016,998800.0
357,3-01-2016,Glenwood Springs,4842,3,2016,322800.0
358,3-01-2016,Gunnison,3076,3,2016,205066.666667
359,3-01-2016,Idaho Springs,5276,3,2016,351733.333333
360,3-01-2016,Nederland,1993,3,2016,132866.666667
361,3-01-2016,Northglenn,26871,3,2016,1791400.0
362,3-01-2016,Parachute,4744,3,2016,316266.666667
363,3-01-2016,Park County,2448,3,2016,163200.0
364,3-01-2016,Pueblo County,26170,3,2016,1744666.66667
365,3-01-2016,Ridgway,4384,3,2016,292266.666667
366,3-01-2016,Salida,5330,3,2016,355333.333333
367,3-01-2016,Steamboat Springs,10956,3,2016,730400.0
368,3-01-2016,Telluride,4076,3,2016,271733.333333
369,3-01-2016,Trinidad,15539,3,2016,1035933.33333
370,3-01-2016,Wheat Ridge,11375,3,2016,758333.333333
371,3-01-2016,Other Cities,156792,3,2016,10452800.0
372,4-01-2014,Boulder,23239,4,2014,1549266.66667
373,4-01-2014,Breckenridge,14273,4,2014,951533.333333
374,4-01-2014,Denver,190527,4,2014,12701800.0
375,4-01-2014,Edgewater,11785,4,2014,785666.666667
376,4-01-2014,Idaho Springs,3187,4,2014,212466.666667
377,4-01-2014,Pueblo County,17142,4,2014,1142800.0
378,4-01-2014,Telluride,2936,4,2014,195733.333333
379,4-01-2014,Other Cities,66966,4,2014,4464400.0
380,4-01-2015,Aspen,5590,4,2015,372666.666667
381,4-01-2015,Aurora,44066,4,2015,2937733.33333
382,4-01-2015,Boulder,39757,4,2015,2650466.66667
383,4-01-2015,Breckenridge,6526,4,2015,435066.666667
384,4-01-2015,Crested Butte,2931,4,2015,195400.0
385,4-01-2015,Denver,281080,4,2015,18738666.6667
386,4-01-2015,Durango,13958,4,2015,930533.333333
387,4-01-2015,Eagle County,6631,4,2015,442066.666667
388,4-01-2015,Edgewater,23571,4,2015,1571400.0
389,4-01-2015,Fort Collins,19598,4,2015,1306533.33333
390,4-01-2015,Garden City,22821,4,2015,1521400.0
391,4-01-2015,Glenwood Springs,4905,4,2015,327000.0
392,4-01-2015,Idaho Springs,3562,4,2015,237466.666667
393,4-01-2015,Northglenn,25263,4,2015,1684200.0
394,4-01-2015,Pueblo County,20005,4,2015,1333666.66667
395,4-01-2015,Salida,6566,4,2015,437733.333333
396,4-01-2015,Telluride,2258,4,2015,150533.333333
397,4-01-2015,Trinidad,7073,4,2015,471533.333333
398,4-01-2015,Wheat Ridge,9284,4,2015,618933.333333
399,4-01-2015,Other Cities,109944,4,2015,7329600.0
400,4-01-2016,Adams County,13661,4,2016,910733.333333
401,4-01-2016,Antonito,3321,4,2016,221400.0
402,4-01-2016,Aspen,6205,4,2016,413666.666667
403,4-01-2016,Aurora,97239,4,2016,6482600.0
404,4-01-2016,Boulder,46167,4,2016,3077800.0
405,4-01-2016,Boulder County,16938,4,2016,1129200.0
406,4-01-2016,Breckenridge,15875,4,2016,1058333.33333
407,4-01-2016,Carbondale,2821,4,2016,188066.666667
408,4-01-2016,Central City,2228,4,2016,148533.333333
409,4-01-2016,Cortez,9052,4,2016,603466.666667
410,4-01-2016,Denver,381579,4,2016,25438600.0
411,4-01-2016,Durango,23836,4,2016,1589066.66667
412,4-01-2016,Eagle County,12288,4,2016,819200.0
413,4-01-2016,Edgewater,37810,4,2016,2520666.66667
414,4-01-2016,Fort Collins,29628,4,2016,1975200.0
415,4-01-2016,Garden City,47292,4,2016,3152800.0
416,4-01-2016,Glendale,28622,4,2016,1908133.33333
417,4-01-2016,Glenwood Springs,4560,4,2016,304000.0
418,4-01-2016,Gunnison,3492,4,2016,232800.0
419,4-01-2016,Idaho Springs,4089,4,2016,272600.0
420,4-01-2016,Nederland,1677,4,2016,111800.0
421,4-01-2016,Northglenn,24430,4,2016,1628666.66667
422,4-01-2016,Parachute,5540,4,2016,369333.333333
423,4-01-2016,Park County,2412,4,2016,160800.0
424,4-01-2016,Pueblo County,35260,4,2016,2350666.66667
425,4-01-2016,Ridgway,4351,4,2016,290066.666667
426,4-01-2016,Salida,4510,4,2016,300666.666667
427,4-01-2016,Steamboat Springs,7820,4,2016,521333.333333
428,4-01-2016,Telluride,2694,4,2016,179600.0
429,4-01-2016,Trinidad,22616,4,2016,1507733.33333
430,4-01-2016,Wheat Ridge,11048,4,2016,736533.333333
431,4-01-2016,Other Cities,131748,4,2016,8783200.0
432,5-01-2014,Boulder,27851,5,2014,1856733.33333
433,5-01-2014,Breckenridge,4585,5,2014,305666.666667
434,5-01-2014,Denver,168463,5,2014,11230866.6667
435,5-01-2014,Edgewater,11868,5,2014,791200.0
436,5-01-2014,Garden City,10413,5,2014,694200.0
437,5-01-2014,Idaho Springs,3063,5,2014,204200.0
438,5-01-2014,Pueblo County,20440,5,2014,1362666.66667
439,5-01-2014,Wheat Ridge,5709,5,2014,380600.0
440,5-01-2014,Telluride,3161,5,2014,210733.333333
441,5-01-2014,Other Cities,59805,5,2014,3987000.0
442,5-01-2015,Aspen,3416,5,2015,227733.333333
443,5-01-2015,Aurora,47889,5,2015,3192600.0
444,5-01-2015,Boulder,41694,5,2015,2779600.0
445,5-01-2015,Breckenridge,4597,5,2015,306466.666667
446,5-01-2015,Carbondale,2094,5,2015,139600.0
447,5-01-2015,Central City,1662,5,2015,110800.0
448,5-01-2015,Cortez,5922,5,2015,394800.0
449,5-01-2015,Crested Butte,2950,5,2015,196666.666667
450,5-01-2015,Denver,265001,5,2015,17666733.3333
451,5-01-2015,Durango,18796,5,2015,1253066.66667
452,5-01-2015,Eagle County,5217,5,2015,347800.0
453,5-01-2015,Edgewater,21839,5,2015,1455933.33333
454,5-01-2015,Fort Collins,22464,5,2015,1497600.0
455,5-01-2015,Garden City,24545,5,2015,1636333.33333
456,5-01-2015,Glenwood Springs,5704,5,2015,380266.666667
457,5-01-2015,Idaho Springs,3404,5,2015,226933.333333
458,5-01-2015,Northglenn,24325,5,2015,1621666.66667
459,5-01-2015,Pueblo County,24936,5,2015,1662400.0
460,5-01-2015,Salida,4689,5,2015,312600.0
461,5-01-2015,Telluride,1874,5,2015,124933.333333
462,5-01-2015,Trinidad,8005,5,2015,533666.666667
463,5-01-2015,Wheat Ridge,10729,5,2015,715266.666667
464,5-01-2015,Other Cities,127650,5,2015,8510000.0
465,5-01-2016,Antonito,3866,5,2016,257733.333333
466,5-01-2016,Aspen,4024,5,2016,268266.666667
467,5-01-2016,Aurora,78661,5,2016,5244066.66667
468,5-01-2016,Boulder,47068,5,2016,3137866.66667
469,5-01-2016,Boulder County,15403,5,2016,1026866.66667
470,5-01-2016,Breckenridge,9244,5,2016,616266.666667
471,5-01-2016,Central City,2538,5,2016,169200.0
472,5-01-2016,Cortez,10597,5,2016,706466.666667
473,5-01-2016,Denver,304424,5,2016,20294933.3333
474,5-01-2016,Dillon,4739,5,2016,315933.333333
475,5-01-2016,Durango,29409,5,2016,1960600.0
476,5-01-2016,Eagle County,8180,5,2016,545333.333333
477,5-01-2016,Edgewater,20700,5,2016,1380000.0
478,5-01-2016,Fort Collins,50127,5,2016,3341800.0
479,5-01-2016,Garden City,30646,5,2016,2043066.66667
480,5-01-2016,Glendale,23647,5,2016,1576466.66667
481,5-01-2016,Glenwood Springs,4519,5,2016,301266.666667
482,5-01-2016,Gunnison,2627,5,2016,175133.333333
483,5-01-2016,Idaho Springs,4703,5,2016,313533.333333
484,5-01-2016,Leadville,2215,5,2016,147666.666667
485,5-01-2016,Log Lane Village,8230,5,2016,548666.666667
486,5-01-2016,Nederland,1850,5,2016,123333.333333
487,5-01-2016,Northglenn,12902,5,2016,860133.333333
488,5-01-2016,Park County,2843,5,2016,189533.333333
489,5-01-2016,Pueblo County,34743,5,2016,2316200.0
490,5-01-2016,Ridgway,5930,5,2016,395333.333333
491,5-01-2016,Salida,4999,5,2016,333266.666667
492,5-01-2016,Steamboat Springs,7292,5,2016,486133.333333
493,5-01-2016,Telluride,3314,5,2016,220933.333333
494,5-01-2016,Trinidad,21013,5,2016,1400866.66667
495,5-01-2016,Wheat Ridge,10811,5,2016,720733.333333
496,5-01-2016,Other Cities,133268,5,2016,8884533.33333
497,6-01-2014,Boulder,31482,6,2014,2098800.0
498,6-01-2014,Breckenridge,5921,6,2014,394733.333333
499,6-01-2014,Denver,187789,6,2014,12519266.6667
500,6-01-2014,Edgewater,12577,6,2014,838466.666667
501,6-01-2014,Garden City,11929,6,2014,795266.666667
502,6-01-2014,Idaho Springs,3749,6,2014,249933.333333
503,6-01-2014,Pueblo County,22086,6,2014,1472400.0
504,6-01-2014,Telluride,7540,6,2014,502666.666667
505,6-01-2014,Other Cities,85157,6,2014,5677133.33333
506,6-01-2015,Aspen,5739,6,2015,382600.0
507,6-01-2015,Aurora,51661,6,2015,3444066.66667
508,6-01-2015,Boulder,40488,6,2015,2699200.0
509,6-01-2015,Boulder County,9059,6,2015,603933.333333
510,6-01-2015,Breckenridge,6172,6,2015,411466.666667
511,6-01-2015,Carbondale,2236,6,2015,149066.666667
512,6-01-2015,Central City,1521,6,2015,101400.0
513,6-01-2015,Cortez,5837,6,2015,389133.333333
514,6-01-2015,Crested Butte,3765,6,2015,251000.0
515,6-01-2015,Denver,259660,6,2015,17310666.6667
516,6-01-2015,Durango,19248,6,2015,1283200.0
517,6-01-2015,Eagle County,6633,6,2015,442200.0
518,6-01-2015,Edgewater,24359,6,2015,1623933.33333
519,6-01-2015,Fort Collins,23093,6,2015,1539533.33333
520,6-01-2015,Garden City,25405,6,2015,1693666.66667
521,6-01-2015,Glenwood Springs,5899,6,2015,393266.666667
522,6-01-2015,Idaho Springs,3265,6,2015,217666.666667
523,6-01-2015,Northglenn,19980,6,2015,1332000.0
524,6-01-2015,Pueblo County,20240,6,2015,1349333.33333
525,6-01-2015,Steamboat Springs,7290,6,2015,486000.0
526,6-01-2015,Telluride,5164,6,2015,344266.666667
527,6-01-2015,Trinidad,10257,6,2015,683800.0
528,6-01-2015,Wheat Ridge,10337,6,2015,689133.333333
529,6-01-2015,Other Cities,119118,6,2015,7941200.0
530,9-01-2016,Adams County,24182,9,2016,1612133.33333
531,9-01-2016,Antonito,6532,9,2016,435466.666667
532,9-01-2016,Aspen,8618,9,2016,574533.333333
533,9-01-2016,Aurora,121884,9,2016,8125600.0
534,9-01-2016,Boulder,52275,9,2016,3485000.0
535,9-01-2016,Boulder County,17903,9,2016,1193533.33333
536,9-01-2016,Breckenridge,5707,9,2016,380466.666667
537,9-01-2016,Central City,3455,9,2016,230333.333333
538,9-01-2016,Cortez,17339,9,2016,1155933.33333
539,9-01-2016,Crested Butte,1956,9,2016,130400.0
540,9-01-2016,Denver,435001,9,2016,29000066.6667
541,9-01-2016,Dillon,4516,9,2016,301066.666667
542,9-01-2016,Durango,33435,9,2016,2229000.0
543,9-01-2016,Eagle County,12847,9,2016,856466.666667
544,9-01-2016,Edgewater,40877,9,2016,2725133.33333
545,9-01-2016,Fort Collins,51866,9,2016,3457733.33333
546,9-01-2016,Garden City,38509,9,2016,2567266.66667
547,9-01-2016,Glendale,37217,9,2016,2481133.33333
548,9-01-2016,Glenwood Springs,5776,9,2016,385066.666667
549,9-01-2016,Gunnison,4044,9,2016,269600.0
550,9-01-2016,Idaho Springs,6283,9,2016,418866.666667
551,9-01-2016,Leadville,3780,9,2016,252000.0
552,9-01-2016,Log Lane Village,9965,9,2016,664333.333333
553,9-01-2016,Nederland,2870,9,2016,191333.333333
554,9-01-2016,Northglenn,34530,9,2016,2302000.0
555,9-01-2016,Parachute,11589,9,2016,772600.0
556,9-01-2016,Park County,4250,9,2016,283333.333333
557,9-01-2016,Pueblo County,49216,9,2016,3281066.66667
558,9-01-2016,Ridgway,7738,9,2016,515866.666667
559,9-01-2016,Salida,7350,9,2016,490000.0
560,9-01-2016,Telluride,5346,9,2016,356400.0
561,9-01-2016,Trinidad,28026,9,2016,1868400.0
562,9-01-2016,Wheat Ridge,13614,9,2016,907600.0
563,9-01-2016,Other Cities,178600,9,2016,11906666.6667
564,10-01-2014,Aspen,1924,10,2014,128266.666667
565,10-01-2014,Boulder,36970,10,2014,2464666.66667
566,10-01-2014,Breckenridge,4133,10,2014,275533.333333
567,10-01-2014,Crested Butte,2766,10,2014,184400.0
568,10-01-2014,Denver,238775,10,2014,15918333.3333
569,10-01-2014,Durango,8195,10,2014,546333.333333
570,10-01-2014,Edgewater,12834,10,2014,855600.0
571,10-01-2014,Fort Collins,11028,10,2014,735200.0
572,10-01-2014,Garden City,16902,10,2014,1126800.0
573,10-01-2014,Glenwood Springs,5378,10,2014,358533.333333
574,10-01-2014,Idaho Springs,3300,10,2014,220000.0
575,10-01-2014,Pueblo County,18413,10,2014,1227533.33333
576,10-01-2014,Telluride,6000,10,2014,400000.0
577,10-01-2014,Wheat Ridge,9475,10,2014,631666.666667
578,10-01-2014,Other Cities,112145,10,2014,7476333.33333
579,10-01-2015,Aspen,4944,10,2015,329600.0
580,10-01-2015,Aurora,65801,10,2015,4386733.33333
581,10-01-2015,Boulder,38393,10,2015,2559533.33333
582,10-01-2015,Boulder County,8554,10,2015,570266.666667
583,10-01-2015,Breckenridge,6006,10,2015,400400.0
584,10-01-2015,Carbondale,1864,10,2015,124266.666667
585,10-01-2015,Cortez,8140,10,2015,542666.666667
586,10-01-2015,Denver,238040,10,2015,15869333.3333
587,10-01-2015,Durango,20435,10,2015,1362333.33333
588,10-01-2015,Eagle County,11720,10,2015,781333.333333
589,10-01-2015,Edgewater,24704,10,2015,1646933.33333
590,10-01-2015,Fort Collins,22415,10,2015,1494333.33333
591,10-01-2015,Garden City,28627,10,2015,1908466.66667
592,10-01-2015,Glendale,11158,10,2015,743866.666667
593,10-01-2015,Glenwood Springs,5775,10,2015,385000.0
594,10-01-2015,Idaho Springs,4862,10,2015,324133.333333
595,10-01-2015,Northglenn,21861,10,2015,1457400.0
596,10-01-2015,Pueblo County,29715,10,2015,1981000.0
597,10-01-2015,Salida,4888,10,2015,325866.666667
598,10-01-2015,Steamboat Springs,7978,10,2015,531866.666667
599,10-01-2015,Telluride,2381,10,2015,158733.333333
600,10-01-2015,Trinidad,12275,10,2015,818333.333333
601,10-01-2015,Other Cities,133548,10,2015,8903200.0
602,10-01-2016,Antonito,5701,10,2016,380066.666667
603,10-01-2016,Aspen,9196,10,2016,613066.666667
604,10-01-2016,Aurora,109755,10,2016,7317000.0
605,10-01-2016,Boulder,49749,10,2016,3316600.0
606,10-01-2016,Boulder County,17103,10,2016,1140200.0
607,10-01-2016,Breckenridge,9751,10,2016,650066.666667
608,10-01-2016,Carbondale,4194,10,2016,279600.0
609,10-01-2016,Central City,3040,10,2016,202666.666667
610,10-01-2016,Cortez,17531,10,2016,1168733.33333
611,10-01-2016,Crested Butte,1390,10,2016,92666.6666667
612,10-01-2016,Denver,436135,10,2016,29075666.6667
613,10-01-2016,Dillon,4264,10,2016,284266.666667
614,10-01-2016,Durango,28150,10,2016,1876666.66667
615,10-01-2016,Eagle County,10910,10,2016,727333.333333
616,10-01-2016,Edgewater,22838,10,2016,1522533.33333
617,10-01-2016,Fort Collins,49013,10,2016,3267533.33333
618,10-01-2016,Garden City,38033,10,2016,2535533.33333
619,10-01-2016,Glendale,20113,10,2016,1340866.66667
620,10-01-2016,Glenwood Springs,8601,10,2016,573400.0
621,10-01-2016,Gunnison,2385,10,2016,159000.0
622,10-01-2016,Idaho Springs,4989,10,2016,332600.0
623,10-01-2016,Leadville,2970,10,2016,198000.0
624,10-01-2016,Log Lane Village,9116,10,2016,607733.333333
625,10-01-2016,Nederland,2376,10,2016,158400.0
626,10-01-2016,Northglenn,33267,10,2016,2217800.0
627,10-01-2016,Parachute,11059,10,2016,737266.666667
628,10-01-2016,Park County,3766,10,2016,251066.666667
629,10-01-2016,Pueblo County,39949,10,2016,2663266.66667
630,10-01-2016,Ridgway,4481,10,2016,298733.333333
631,10-01-2016,Salida,5284,10,2016,352266.666667
632,10-01-2016,Steamboat Springs,9557,10,2016,637133.333333
633,10-01-2016,Telluride,3640,10,2016,242666.666667
634,10-01-2016,Trinidad,44022,10,2016,2934800.0
635,10-01-2016,Wheat Ridge,12078,10,2016,805200.0
636,10-01-2016,Other Cities,161338,10,2016,10755866.6667
637,11-01-2014,Aspen,3154,11,2014,210266.666667
638,11-01-2014,Aurora,12090,11,2014,806000.0
639,11-01-2014,Boulder,38935,11,2014,2595666.66667
640,11-01-2014,Breckenridge,6654,11,2014,443600.0
641,11-01-2014,Crested Butte,2051,11,2014,136733.333333
642,11-01-2014,Denver,192248,11,2014,12816533.3333
643,11-01-2014,Durango,9712,11,2014,647466.666667
644,11-01-2014,Edgewater,11605,11,2014,773666.666667
645,11-01-2014,Fort Collins,14567,11,2014,971133.333333
646,11-01-2014,Garden City,14880,11,2014,992000.0
647,11-01-2014,Glenwood Springs,5945,11,2014,396333.333333
648,11-01-2014,Idaho Springs,2754,11,2014,183600.0
649,11-01-2014,Pueblo County,17845,11,2014,1189666.66667
650,11-01-2014,Telluride,2118,11,2014,141200.0
651,11-01-2014,Wheat Ridge,9202,11,2014,613466.666667
652,11-01-2014,Other Cities,68014,11,2014,4534266.66667
653,11-01-2015,Aspen,4466,11,2015,297733.333333
654,11-01-2015,Aurora,74123,11,2015,4941533.33333
655,11-01-2015,Boulder,37463,11,2015,2497533.33333
656,11-01-2015,Boulder County,9953,11,2015,663533.333333
657,11-01-2015,Breckenridge,6558,11,2015,437200.0
658,11-01-2015,Carbondale,2332,11,2015,155466.666667
659,11-01-2015,Cortez,6955,11,2015,463666.666667
660,11-01-2015,Crested Butte,2413,11,2015,160866.666667
661,11-01-2015,Denver,269604,11,2015,17973600.0
662,11-01-2015,Durango,17458,11,2015,1163866.66667
663,11-01-2015,Eagle County,7678,11,2015,511866.666667
664,11-01-2015,Edgewater,24361,11,2015,1624066.66667
665,11-01-2015,Fort Collins,27397,11,2015,1826466.66667
666,11-01-2015,Garden City,25321,11,2015,1688066.66667
667,11-01-2015,Glendale,10510,11,2015,700666.666667
668,11-01-2015,Glenwood Springs,3778,11,2015,251866.666667
669,11-01-2015,Northglenn,22376,11,2015,1491733.33333
670,11-01-2015,Pueblo County,18872,11,2015,1258133.33333
671,11-01-2015,Salida,3861,11,2015,257400.0
672,11-01-2015,Steamboat Springs,6168,11,2015,411200.0
673,11-01-2015,Telluride,1816,11,2015,121066.666667
674,11-01-2015,Trinidad,15270,11,2015,1018000.0
675,11-01-2015,Wheat Ridge,16048,11,2015,1069866.66667
676,11-01-2015,Other Cities,125524,11,2015,8368266.66667
677,12-01-2014,Aspen,7232,12,2014,482133.333333
678,12-01-2014,Aurora,21291,12,2014,1419400.0
679,12-01-2014,Boulder,37314,12,2014,2487600.0
680,12-01-2014,Breckenridge,10280,12,2014,685333.333333
681,12-01-2014,Crested Butte,3423,12,2014,228200.0
682,12-01-2014,Denver,227211,12,2014,15147400.0
683,12-01-2014,Durango,12584,12,2014,838933.333333
684,12-01-2014,Edgewater,17598,12,2014,1173200.0
685,12-01-2014,Fort Collins,24578,12,2014,1638533.33333
686,12-01-2014,Garden City,16066,12,2014,1071066.66667
687,12-01-2014,Glenwood Springs,4800,12,2014,320000.0
688,12-01-2014,Idaho Springs,3368,12,2014,224533.333333
689,12-01-2014,Pueblo County,19709,12,2014,1313933.33333
690,12-01-2014,Telluride,5117,12,2014,341133.333333
691,12-01-2014,Wheat Ridge,10242,12,2014,682800.0
692,12-01-2014,Other Cities,126852,12,2014,8456800.0
693,12-01-2015,Aspen,8890,12,2015,592666.666667
694,12-01-2015,Aurora,90365,12,2015,6024333.33333
695,12-01-2015,Boulder,50242,12,2015,3349466.66667
696,12-01-2015,Boulder County,10380,12,2015,692000.0
697,12-01-2015,Breckenridge,11344,12,2015,756266.666667
698,12-01-2015,Carbondale,1526,12,2015,101733.333333
699,12-01-2015,Central City,2657,12,2015,177133.333333
700,12-01-2015,Cortez,7386,12,2015,492400.0
701,12-01-2015,Crested Butte,7129,12,2015,475266.666667
702,12-01-2015,Denver,337880,12,2015,22525333.3333
703,12-01-2015,Durango,23749,12,2015,1583266.66667
704,12-01-2015,Eagle County,12452,12,2015,830133.333333
705,12-01-2015,Edgewater,30351,12,2015,2023400.0
706,12-01-2015,Fort Collins,35346,12,2015,2356400.0
707,12-01-2015,Garden City,27736,12,2015,1849066.66667
708,12-01-2015,Glendale,13898,12,2015,926533.333333
709,12-01-2015,Glenwood Springs,4094,12,2015,272933.333333
710,12-01-2015,Idaho Springs,7988,12,2015,532533.333333
711,12-01-2015,Northglenn,27007,12,2015,1800466.66667
712,12-01-2015,Pueblo County,23621,12,2015,1574733.33333
713,12-01-2015,Steamboat Springs,9377,12,2015,625133.333333
714,12-01-2015,Telluride,4671,12,2015,311400.0
715,12-01-2015,Trinidad,19157,12,2015,1277133.33333
716,12-01-2015,Wheat Ridge,12266,12,2015,817733.333333
717,12-01-2015,Other Cities,157171,12,2015,10478066.6667
